{
    "best_acc1": 79.52, 
    "best_loss": 0.6880022957921028, 
    "params(M)": 0.20361, 
    "MACs(M)": 26.448522, 
    "hash": "010000001000000000000000000000000000000000000000000000000000000000000000000000000000000000000000000000000000000000011000000000000000000000000000000000000001000000000000001001001000000001000000001000000000000000000000000000000000000000000000000000000000000000000000000000000000000000000000000000000000000000000000000000000000000000000000000000010100000000000000000000000000000000000000000000000000000000000000010011000000000000001000000001110000000000001100000000000110000000000000000000000000010000000000000"
}