{
    "FLOPS(M):": 29.209226,
    "Params(M)": 0.125786,
    "pred_acc": 1.2675052881240845,
    "hash": "000010011001100000000000000000000000000000000000000000000001100010000000000000000000000000000000000100000000000000000000000000000000000000000000000000000000000000000000000000110101110000000000000000000000000000000000000000000000000000000000001011100000000000000000000000000000000000000000000000000000000000000010000000000000100000000000000010100000001000000000000000000000000100000000000000000000000001000000000000000000000000000000000000000000000000000000000000000000000000000000000000000000000000000000000",
    "pred_latency": 0.20043236017227173
}