{
    "FLOPS(M):": 231.030632,
    "Params(M)": 2.957608,
    "pred_acc": 1.0956404209136963,
    "hash": "010000001001100000000010000000000000000000000000000000000000000000000000000000000000000000000000000000000000000000011000000000000000000000000000000000000001000000000000000000000110110000000000000000000000000000000000000000000000000000000000000000000000000000000000000000000000000000000000000000000100000000000000000000000000000000000000000100000010011000000000000100000000000000000000000000000000000000000000000000000000000000000000000000000000000000000100000000000000000000000000000000000000000000000000000000000101001100000000000000000000000000000000000000000000000000000000000000000000000001000000000000000000000000000100000000000000000000000000100000000000000000000000000000010001001100000000000000000000000000000000000001000000000000000000000000000000000000000000000000000010000000000000000000000000000000000000010000000000000000000000000000000001100101000000000000000000000000000000000000000000000000000000000000000000000000100000000000000000000000000000000000000000000000000000000100000000000000000000000000",
    "pred_latency": 0.2757264971733093
}